name,id
Morioka City Mens Memorial Cup (Men),9106
Australia Mens Curling Championships (Men),9078
Korean National Curling Championship (Men),9206
Wakkanai Midori Challenge Cup (Men),9064
Hokkaido Bank Curling Classic (Men),9067
USA Curling Pan Contintental Qualifier (Men),9136
Baden Masters (Men),9205
Euro Super Series (Men),9073
ADVICS Cup (Men),9068
Trentino World Cup (Men),9175
U25 NextGen Classic (Men),9053
Oslo Cup (Men),9156
Icebreaker Challenge (Men),8981
ARGO GRAPHICS Cup (Men),9070
Stu Sells Oakville Tankard (Men),8965
Saville Shootout (Men),8934
Rice Lake Competitor Spiel (Men),9135
AMJ Campbell Shorty Jenkins Classic (Men),8966
ATB Okotoks Classic (Men),8977
Tournoi Equinoxe Open (Men),9183
WCT Belgium Men's Challenger (Men),9144
United States Olympic Curling Team Pre-Trials (Men),8985
Japanese Olympic Team Trials (Men),9269
Hogged Rock KW Fall Classic presented by Runback Brewing (Men),9056
Mother Club Fall Curling Classic (Men),9094
Prague Open (Men),9146
AMJ Masters (Men),8953
AMJ Masters Tier 2 (Men),9234
Saville U25 Challenge (Men),9058
MCT Challenge (Men),9096
Tallinn Mens International Challenger (Men),9154
Invitation Valleyfield (Men),9044
Capital Curling Fall Mens (Men),9075
Stu Sells Toronto Tankard (Men),9016
PointsBet Invitational (Men),8949
MCT Border Cup (Men),9098
Curling Stadium SaskTour Tier 2 Grand Slam Qualifier (Men),9185
Prestige Hotels & Resorts Curling Classic (Men),8993
SWISSCURLING Prometteurs Cup (Men),9281
Match Town Trophy (Men),9158
McKee Homes Fall Curling Classic (Men),9046
Saville Grand Prix (Men),8935
Dale's St. Paul Cashspiel (Men),9019
Capital Curling Classic (Men),9076
Regina Highland Rocktoberfest (Men),9186
Minebea Mitsumi Cup (Men),9301
Steele Cup Cash (Men),9244
Pre-Olympic Qualification Event (Men),9208
Co-op Tour Challenge (Men),8955
King Cash Spiel (Men),9027
Grand Slam Tour Challenge U25 (Men),9239
TBayTel Major League of Curling (Men),9300
Finnish Curling Championships Division 1 (Men),9402
Finnish Curling Championships Division 1 (Men),9402
Finnish Curling Championships (Men),9401
Finnish Curling Championships (Men),9401
MCT Curling Cup (Men),9100
Stroud Sleeman Cash Spiel (Men),9118
Henderson Metal Fall Classic presented by Kioti Tractors of Ontario (Men),8927
Canadian Olympic Pre-Trials (Men),8920
U.S. Steel Pan-Continental Championships (Men),9002
S3 Group Curling Stadium Series (Men),9000
Dave Jones Stanhope Simpson Insurance Mayflower Cashspiel (Men),9116
Kamloops Crown of Curling (Men),9030
U.S. Steel Pan-Continental Championships -- B-Division (Men),9004
Grand Prix Bern Inter Curling Challenge (Men),9184
Sundbyberg Open (Men),9161
Red Deer Rocks U25 Men (Men),9307
Swiss Cup Basel (Men),9083
Challenge Nord-Ouest Air Creebec/Eldorado Gold Quebec (Men),9280
Italian National Qualifier (Men),9621
Nishinihon Playdown (Men),9627
Soo Curlers Major League presented by CINTAS (Men),9313
MCT Atkins Curling Supplies Classic (Men),9102
Swedish Junior B Qualifier (Men),9428
Nufloors Penticton Curling Classic (Men),9006
KIOTI GSOC Tahoe (Men),8958
Original 16 Mens Cash Spiel (Men),9179
Nishinihon Playdown (Men),9627
Broken Broom Tobacco Belt Cash Spiel presented by Runback Brewing (Men),9172
Original 16 Broomstacker (Men),9192
Prague Classic (Men),9145
Bunge Berth Bonspiel (Men),9329
Red Deer Curling Classic (Men),8987
United States Olympic Curling Team Trials (Men),8951
Stu Sells 1824 Halifax Classic (Men),8991
Swedish Eliteserien (Men),9420
Finale du Circuit (Men),9344
Nutana SaskTour Men's Spiel (Men),9191
COMCO Cash Spiel (Men),9210
Danish Open (Men),9163
Chairman's Cup (Men),9322
Canadian Olympic Curling Trials (Men),8921
Major Welding Abbotsford Cashspiel (Men),9032
Crestwood Anniversary Showdown (Men),8990
Scottish Curling Junior Championships (Men),9330
Jim Sullivan Curling Classic (Men),9247
Le Gruyere AOP European Curling Championships (Men),8924
Le Gruyere AOP European B Curling Championships (Men),8926
Stu Sells Living Waters Collingwood Classic (Men),9217
MCT Showdown (Men),9104
Mile Zero Cash Spiel (Men),9031
Canadian Olympic Curling Trials (Men),8921
Stu Sells Brantford NISSAN Classic (Men),9023
DEKALB Superspiel (Men),8978
Charlevoix Challenge de Curling Desjardins (Men),9203
Island Petroleum Cashspiel (Men),9266
Moose Jaw SaskTour Spiel (Men),9193
Kevin Martin Curling Academy Open Bonspiel presented by Astec Safety (Men),9211
Le Gruyere AOP European Curling Championships (Men),8924
Le Gruyere AOP European B Curling Championships (Men),8926
Swedish National Series - North (Men),9429
Swedish National Series - Central (Men),9430
Swedish National Series - South (Men),9431
Olympic Qualification Event (Men),8928
Take-Out Trophy (Men),9071
Curling Alberta Men's Provincial Qualifier (Men),9375
Bunge Manitoba Men's Winnipeg Regional Qualifier (Men),9393
Bunge Manitoba Men's West 1 Regional Qualifiers (Men),9389
Bunge Manitoba Men's North Regional Qualifiers (Men),9388
Bunge Manitoba Men's South 2 Regional Qualifiers (Men),9387
Bunge Manitoba Men's East Regional Qualifiers (Men),9386
Bunge Manitoba Men's West 2 Regional Qualifiers (Men),9385
Bunge Manitoba Men's South 1 Regional Qualifiers (Men),9383
Curl BC Mens Open Qualifiers (Men),9378
Curling Alberta Men's Provincial Qualifier (Men),9376
Vic Open (Men),9315
RBC Dominion Securities Western Showdown (Men),8931
Rick Rowsell Classic (Men),9092
Olympic Qualification Event (Men),8928
Curling Ontario Men's Open Qualifier (Men),9394
SaskTel Tankard Provincial Qualifier (Men),9381
Curling Alberta Men's Provincial Qualifier (Men),9372
Chicoutimi Invitation (Men),9061
HearingLife Canadian Open (Men),9338
HearingLife Canadian Open Tier 2 (Men),9236
Curling Quebec Tankard Qualifier (Men),9396
USA Curling Last Chance Qualifier (Men),9353
Lakeside Levelling Charity Open (Men),9347
World Junior-B Curling Championships (Men),9351
PEI Men's Curling Championship (Men),9223
BC Mens Curling Championships presented by Best Western (Men),9038
BC U20 Provincials Mens Curling Championships (Men),9359
Swedish Junior Championship (Men),9432
Northern Ontario Men's Curling Provincials (Men),8983
RME New Holland Alberta Summit of Champions presented by Best Western (Men),9320
Crown Royal Players' Championship (Men),8962
SaskTel Tankard (Men),9035
Ontario Men's Curling Championship (Men),9356
Quebec Tankard (Men),9080
Ocean Contractors Nova Scotia Men's Curling Championship (Men),9222
Italian National Qualifier (Men),9621
Nunavut Mens Curling Championship (Men),9405
Yukon Mens Curling Championship (Men),9404
Norwegian National Curling Championships (Men),9370
Brandon Berth Bonspiel (Men),9362
PEI Men's Curling Championship (Men),9223
Swedish Junior Championship (Men),9432
Ed Werenich Golden Wrench Classic presented by The Lodge Sasquatch Kitchen (Men),9140
Canada West Championships (Men),9368
Mercure Perth Masters (Men),9195
St. Galler Elite Challenge (Men),9218
Atlantic University Championships (Men),9231
Northwest Territories Men's Championship (Men),9250
Newfoundland & Labrador Tankard (Men),9382
Duluth Cash Spiel (Men),9302
Sun City Cup (Men),9165
Wendys U20 Provincial Championship (Men),9444
New Brunswick Tankard (Men),9365
Kanto Playdown (Men),9631
Swedish Eliteserien (Men),9420
Bunge Manitoba Men's Championship (Men),9366
Curling Stadium Martensville International (Men),8948
Winter Olympics - Men (Men),9051
Winter Olympics - Men (Men),9051
Hokkaido Curling Championships (Men),9624
Chubu Curling Championships (Men),9481
Co-ops of Manitoba Junior Mens Provincial Championship (Men),9439
Tournoi Hommes Circuit Provincial (Men),9437
TBayTel Major League of Curling (Men),9300
USPORT Curling Canada University Championships (Men),9427
CCAA / Curling Canada College Championships (Men),9426
Montana's Brier (Men),9314
USA Curling National Championships (Men),9415
World Junior Curling Championships (Men),9229
"U20 Alberta Provincial Championship, presented by Hec Gervais Academic & Scholarship Foundation (Men)",9456
Saskatchewan U20 Junior Provincial Championships (Men),9457
Hardie Engineering Scottish Curling Championships (Men),9453
Swiss Curling Championships (Men),9451
Balai de Cuivre ActionKia (Men),9459
Ontario U20 Junior Championship (Men),9442
Montana's Brier (Men),9314
Tournoi du 150e (Men),9390
Finnish Curling Championships Division 1 (Men),9402
Finnish Curling Championships Division 1 (Men),9402
Finnish Curling Championships (Men),9401
Finnish Curling Championships (Men),9401
Danish National Championships (Men),9421
Karuizawa International (Men),9048
Swedish National Series - North (Men),9429
Swedish National Series - Central (Men),9430
Swedish National Series - South (Men),9431
Czechia National Mens Championship (Men),9447
Aberdeen International Curling Championship (Men),9369
Japan Junior Nationals (Men),9619
Czechia National Mens Championship (Men),9447
Tohoku Curling Championships (Men),9617
LGT World Men's Curling Championship (Men),8945
USA Curling Junior National Curling Championships (Men),9483
New Holland Canadian Under-20 Championship (Men),9485
Swedish Curling Championships (Men),9505
LGT World Men's Curling Championship (Men),8945
Estonian Curling Championships (Men),9487
USA Curling Junior National Curling Championships (Men),9483
New Holland Canadian Under-20 Championship (Men),9485
Soo Curlers Major League presented by CINTAS (Men),9313
British Open (Men),9311
Italian National Championship (Men),9699
Uiseong Governor's Cup (Men),9581
World Championship Pre-Qualifier (Pan Contintental) (Men),9578
World Senior Curling Championships (Men),9253
U25 NextGen Classic (Men),9449
Uiseong Governor's Cup (Men),9581
World Senior Curling Championships (Men),9253
U25 NextGen Classic (Men),9449
World Championship Pre-Qualifier (Europe) (Men),9579
World Championship Pre-Qualifier (Europe) (Men),9579
